<?xml version="1.0" encoding="UTF-8"?>
<!DOCTYPE suite SYSTEM "http://testng.org/testng-1.0.dtd">

<suite name="Regression Suite">

<listeners>
<listener class-name="com.test.automation.uiAutomation.customListener.Listener"></listener>  
<!-- <listener class-name="com.test.automation.uiAutomation.customListner.RetryListener"></listener> --> 
</listeners>

<test name="HomePageTest">
<classes>
<class name="com.test.automation.uiAutomation.homePage.TC001_VerifyLoginWithDifferentRecords"></class>
<class name="com.test.automation.uiAutomation.homePage.TC002_VerifyCreateRepository"></class>
<class name="com.test.automation.uiAutomation.homePage.TC003_VerifyReadMeFileCommit"></class>
</classes>
</test>
</suite>